2026-07-17T06:13:26.943Z	TASK-IMP-103	PASS	1
2026-07-17T06:16:41.785Z	TASK-IMP-103	PASS	1
2026-07-17T06:16:43.066Z	TASK-IMP-109	PASS	1
2026-07-17T07:07:40.356Z	TASK-IMP-103	PASS	1
2026-07-17T07:07:41.662Z	TASK-IMP-109	PASS	1
2026-07-17T07:07:44.995Z	TASK-IMP-116	PASS	1
2026-07-17T08:55:26.152Z	TASK-IMP-103	PASS	1
2026-07-17T08:55:27.500Z	TASK-IMP-109	PASS	1
2026-07-17T08:55:31.192Z	TASK-IMP-116	PASS	1
2026-07-17T08:55:32.573Z	TASK-IMP-103	PASS	1
2026-07-17T08:55:33.914Z	TASK-IMP-109	PASS	1
2026-07-17T08:55:36.891Z	TASK-IMP-116	PASS	1
2026-07-17T09:03:21.107Z	TASK-IMP-103	PASS	1
2026-07-17T09:03:22.416Z	TASK-IMP-109	PASS	1
2026-07-17T09:03:25.907Z	TASK-IMP-116	PASS	1
2026-07-17T09:03:27.275Z	TASK-IMP-103	PASS	1
2026-07-17T09:03:28.643Z	TASK-IMP-109	PASS	1
2026-07-17T09:03:31.555Z	TASK-IMP-116	PASS	1
